id,source,time,username,ip,finish,consume,memory,title,text,type,comment,body,
FR-P2004,1,1608167521347,,,1608167524488,0,0,,doc/Advanced/Chart/LineChart/定时填报示例.cpt,,,,
FR-P2004,1,1608167745085,,421aa90e079fa326b6494f812ad13e79,1608167758518,0,0,,教程/请假单.frm,,,,
FR-P2004,1,1608168255774,,421aa90e079fa326b6494f812ad13e79,1608170058126,0,0,,教程/请假单.frm,,,,
FR-P2004,1,1608171118213,,,1608171120344,0,0,,doc/Advanced/Chart/LineChart/定时填报示例.cpt,,,,
FR-P2004,1,1608169845503,,421aa90e079fa326b6494f812ad13e79,1608171648638,0,0,,教程/自由填报表.cpt,,,,
FR-P2004,1,1608174718102,,,1608174720613,0,0,,doc/Advanced/Chart/LineChart/定时填报示例.cpt,,,,
FR-P2004,1,1608173770184,,421aa90e079fa326b6494f812ad13e79,1608175573034,0,0,,教程/自由填报表.cpt,,,,
FR-P2004,1,1608174342845,,421aa90e079fa326b6494f812ad13e79,1608176144961,0,0,,教程/自由填报表.cpt,,,,
FR-P2004,1,1608178318217,,,1608178319948,0,0,,doc/Advanced/Chart/LineChart/定时填报示例.cpt,,,,
FR-P2004,1,1608181918107,,,1608181920004,0,0,,doc/Advanced/Chart/LineChart/定时填报示例.cpt,,,,
FR-P2004,1,1608185518070,,,1608185519579,0,0,,doc/Advanced/Chart/LineChart/定时填报示例.cpt,,,,
FR-P2004,1,1608189118057,,,1608189119455,0,0,,doc/Advanced/Chart/LineChart/定时填报示例.cpt,,,,
FR-P2004,1,1608192718071,,,1608192719893,0,0,,doc/Advanced/Chart/LineChart/定时填报示例.cpt,,,,
FR-P2004,1,1608196318057,,,1608196319294,0,0,,doc/Advanced/Chart/LineChart/定时填报示例.cpt,,,,
FR-P2004,1,1608199918060,,,1608199919562,0,0,,doc/Advanced/Chart/LineChart/定时填报示例.cpt,,,,
FR-P2004,1,1608203518034,,,1608203519398,0,0,,doc/Advanced/Chart/LineChart/定时填报示例.cpt,,,,
FR-P2004,1,1608207118061,,,1608207119269,0,0,,doc/Advanced/Chart/LineChart/定时填报示例.cpt,,,,
FR-P2004,1,1608210718047,,,1608210719582,0,0,,doc/Advanced/Chart/LineChart/定时填报示例.cpt,,,,
FR-P2004,1,1608214318033,,,1608214319307,0,0,,doc/Advanced/Chart/LineChart/定时填报示例.cpt,,,,
FR-P2004,1,1608217918073,,,1608217919390,0,0,,doc/Advanced/Chart/LineChart/定时填报示例.cpt,,,,
