id,tname,displayName,time,memory,type,consume,sqlTime,reportId,userId,ip,complete,source,browser,sessionID,
6e1b2781-584c-479b-ad61-146d97250962,教程/请假单.frm,,1608167748024,0,3,4,0,b1c6f95b-0eaf-473d-9647-3aff737e1319,d41d8cd98f00b204e9800998ecf8427e,421aa90e079fa326b6494f812ad13e79,1,integration,"{""Browser"":""webkit"",""Version"":""537.36"",""Agent"":""mozilla/5.0 (windows nt 10.0; wow64) applewebkit/537.36 (khtml, like gecko) chrome/70.0.3538.25 safari/537.36 core/1.70.3861.400 qqbrowser/10.7.4313.400"",""BoxModel"":true,""terminal"":""null""}",e19fc2bf-3798-497c-b3ae-886fcba59c6e,
298bfd64-e455-425a-94f2-0423e430b40e,教程/请假单.frm,,1608168258177,0,3,0,0,b1c6f95b-0eaf-473d-9647-3aff737e1319,d41d8cd98f00b204e9800998ecf8427e,421aa90e079fa326b6494f812ad13e79,1,integration,"{""Browser"":""webkit"",""Version"":""537.36"",""Agent"":""mozilla/5.0 (windows nt 10.0; wow64) applewebkit/537.36 (khtml, like gecko) chrome/70.0.3538.25 safari/537.36 core/1.70.3861.400 qqbrowser/10.7.4313.400"",""BoxModel"":true,""terminal"":""null""}",72fb75bf-25d6-42d5-a87c-10e8ac7b4827,
797b5cb7-9ae7-462b-a077-b13fa4c4951f,教程/自由填报表.cpt,,1608169848760,6250,0,14,0,01e542bf-73c9-42f9-a6a0-909ea1d0d5a5,d41d8cd98f00b204e9800998ecf8427e,421aa90e079fa326b6494f812ad13e79,1,integration,"{""Browser"":""webkit"",""Version"":""537.36"",""Agent"":""mozilla/5.0 (windows nt 10.0; wow64) applewebkit/537.36 (khtml, like gecko) chrome/70.0.3538.25 safari/537.36 core/1.70.3861.400 qqbrowser/10.7.4313.400"",""BoxModel"":true,""terminal"":""null""}",f6abbc9c-e866-4430-b91c-2712895a156a,
5bd47086-8105-41de-93fd-198792f281c5,教程/自由填报表.cpt,,1608173773083,6250,0,14,0,01e542bf-73c9-42f9-a6a0-909ea1d0d5a5,d41d8cd98f00b204e9800998ecf8427e,421aa90e079fa326b6494f812ad13e79,1,integration,"{""Browser"":""webkit"",""Version"":""537.36"",""Agent"":""mozilla/5.0 (windows nt 10.0; wow64) applewebkit/537.36 (khtml, like gecko) chrome/70.0.3538.25 safari/537.36 core/1.70.3861.400 qqbrowser/10.7.4313.400"",""BoxModel"":true,""terminal"":""null""}",562872cf-f246-478e-a837-dc211a744d72,
6e22af2d-a587-4a18-a260-f63148728c0d,教程/自由填报表.cpt,,1608174345002,6250,0,6,0,01e542bf-73c9-42f9-a6a0-909ea1d0d5a5,d41d8cd98f00b204e9800998ecf8427e,421aa90e079fa326b6494f812ad13e79,1,integration,"{""Browser"":""webkit"",""Version"":""537.36"",""Agent"":""mozilla/5.0 (windows nt 10.0; wow64) applewebkit/537.36 (khtml, like gecko) chrome/70.0.3538.25 safari/537.36 core/1.70.3861.400 qqbrowser/10.7.4313.400"",""BoxModel"":true,""terminal"":""null""}",85284af7-156d-4343-ad55-0a827163a475,
