id,time,username,ip,source,text,title,body,
function_plugin_com.fr.plugin.mobile.web,1608167437146,,,2,HTML5移动端展现,,,
function_com.fr.form.widget_edit_toolbar,1608167651680,,,1,Fine-Design_Function_Form_Widget_Edit_Toolbar,,,
function_template_debug,1608167743222,,,1,请假单.frm,,,
function_com.fr.form.preview,1608167745810,,,1,FR-Engine_FormPreview,,,
FR-F7001,1608167748201,,,1,教程/请假单.frm,,"{""sessionID"":""e19fc2bf-3798-497c-b3ae-886fcba59c6e"",""browserSize"":""{1366,632}"",""browserScrollBar"":""{1,1}"",""fontZoom"":1,""componentInformation"":""[{BODY,1366,632,(0,0),0,(undefined,undefined,undefined,undefined)},{ABSOLUTE0,1366,632,(0,0),0,(undefined,undefined,undefined,undefined)},{LABEL0,125,27,(173,61),undefined,(undefined,undefined,undefined,undefined)},{TEXTEDITOR0,125,27,(315,61),undefined,(undefined,undefined,undefined,undefined)},{LABEL1,125,27,(245,14),undefined,(undefined,undefined,undefined,undefined)}]"",""pcAdaption"":0,""fontAdaption"":false,""absoluteAdaption"":""[\""{absolute0,0}\""]"",""bodyLayout"":""FIT-0""}",
FR-F7002,1608167748203,,,1,教程/请假单.frm,,"{""sessionID"":""e19fc2bf-3798-497c-b3ae-886fcba59c6e"",""elementCasesInfo"":""[]""}",
function_template_debug,1608168254400,,,1,请假单.frm,,,
function_com.fr.form.preview,1608168255964,,,1,FR-Engine_FormPreview,,,
FR-F7001,1608168258501,,,1,教程/请假单.frm,,"{""sessionID"":""72fb75bf-25d6-42d5-a87c-10e8ac7b4827"",""browserSize"":""{1366,632}"",""browserScrollBar"":""{1,1}"",""fontZoom"":1,""componentInformation"":""[{BODY,1366,632,(0,0),0,(undefined,undefined,undefined,undefined)},{ABSOLUTE0,1366,632,(0,0),0,(undefined,undefined,undefined,undefined)},{LABEL0,256,27,(110,88),undefined,(undefined,undefined,undefined,undefined)},{TEXTEDITOR0,266,27,(207,88),undefined,(undefined,undefined,undefined,undefined)},{LABEL1,342,35,(145,30),undefined,(undefined,undefined,undefined,undefined)},{TEXTEDITOR1,266,26,(207,135),undefined,(undefined,undefined,undefined,undefined)},{LABEL2,256,26,(110,135),undefined,(undefined,undefined,undefined,undefined)},{LABEL3,256,27,(110,183),undefined,(undefined,undefined,undefined,undefined)},{TEXTEDITOR2,266,27,(207,183),undefined,(undefined,undefined,undefined,undefined)},{LABEL4,256,27,(110,228),undefined,(undefined,undefined,undefined,undefined)},{TEXTEDITOR3,266,27,(207,228),undefined,(undefined,undefined,undefined,undefined)},{LABEL5,256,27,(110,270),undefined,(undefined,undefined,undefined,undefined)},{TEXTEDITOR4,266,27,(207,270),undefined,(undefined,undefined,undefined,undefined)},{SUBMIT,601,26,(110,343),undefined,(undefined,undefined,undefined,undefined)}]"",""pcAdaption"":0,""fontAdaption"":false,""absoluteAdaption"":""[\""{absolute0,0}\""]"",""bodyLayout"":""FIT-0""}",
FR-F7002,1608168258501,,,1,教程/请假单.frm,,"{""sessionID"":""72fb75bf-25d6-42d5-a87c-10e8ac7b4827"",""elementCasesInfo"":""[]""}",
function_com.fr.form.widget_edit_popupmenu,1608168699106,,,1,Fine-Design_Function_Form_Widget_Edit_Popup_Menu,,,
function_template_debug,1608169842232,,,1,自由填报表.cpt,,,
function_com.fr.preview.page,1608169845699,,,1,FR-Engine_PagePreview,,,
FR-F4002,1608170058126,,421aa90e079fa326b6494f812ad13e79,1,教程/请假单.frm,life cycle,"{""reason"":""life"",""node"":"""",""cellNum"":""0"",""load"":""LOW"",""sessionid"":""72fb75bf-25d6-42d5-a87c-10e8ac7b4827"",""detail"":""""}",
FR-F4002,1608171648637,,421aa90e079fa326b6494f812ad13e79,1,教程/自由填报表.cpt,life cycle,"{""reason"":""life"",""node"":"""",""cellNum"":""0"",""load"":""LOW"",""sessionid"":""f6abbc9c-e866-4430-b91c-2712895a156a"",""detail"":""""}",
function_template_debug,1608173768609,,,1,自由填报表.cpt,,,
function_com.fr.preview.page,1608173770295,,,1,FR-Engine_PagePreview,,,
function_template_debug,1608174341360,,,1,自由填报表.cpt,,,
function_com.fr.preview.page,1608174342853,,,1,FR-Engine_PagePreview,,,
FR-F4002,1608175573034,,421aa90e079fa326b6494f812ad13e79,1,教程/自由填报表.cpt,life cycle,"{""reason"":""life"",""node"":"""",""cellNum"":""0"",""load"":""LOW"",""sessionid"":""562872cf-f246-478e-a837-dc211a744d72"",""detail"":""""}",
FR-F4002,1608176144961,,421aa90e079fa326b6494f812ad13e79,1,教程/自由填报表.cpt,life cycle,"{""reason"":""life"",""node"":"""",""cellNum"":""0"",""load"":""LOW"",""sessionid"":""85284af7-156d-4343-ad55-0a827163a475"",""detail"":""""}",
